family,scale,seed,ticks,repeats,finished,timeouts,rss_limits,errors,status,counter_status,departure_slots,directed_rail_choices,input_digest,institutions,payments,principal_cents,provenance,rails,schema,solve_ms_median,solve_ms_min,solve_ms_max,fee_cents,known_optimum_fee,objective_hops,objective_minutes,result_digest,instructions_per_wall_second,peak_rss_bytes_max,cpu_user_seconds_max,cpu_system_seconds_max,process_seconds_max,assignment_states,bound_prunes,candidate_hops,candidates,capacity_rejects,complete_assignments,deadline_prunes,path_states,solver_calls,active_limit,history_limit,active_end,active_peak,active_sum,completed,completed_elapsed_minutes,completed_on_time,completed_volume_cents,departed_hops,events,expired,generated,oldest_queued_age_peak,queue_p95,queue_peak,queue_sum,rejected,retained_events,sla_failures,completed_per_sim_minute,generated_per_wall_second,ticks_per_wall_second,queue_mean,sla_failure_fraction,reference_elapsed_upper_bound,reference_feasible,reference_fee_cents
single-positive,64,42,1000,3,3,0,0,0,optimal,optimal,0,4032,fa77ad020d42b1d6,64,1,1,constructed fixture v1,1,1,308.091167,306.237333,321.739833,1,1,1,1,e66ff7378b36585b,3.245792502710732,2113536,0.319642,0.003965,0.548491625,0,3575881,43618,1954,0,0,0,3657320,1,,,,,,,,,,,,,,,,,,,,,,,,,,,,
single-positive,96,42,1000,3,3,0,0,0,optimal,optimal,0,9120,45ba9655b1e2c970,96,1,1,constructed fixture v1,1,1,1877.573,1863.312084,1899.461583,1,1,1,1,81e83b2d54a82444,0.532602460729889,2179072,1.8839489999999999,0.015503,1.9054419999999999,0,19105641,147346,4466,0,0,0,19387032,1,,,,,,,,,,,,,,,,,,,,,,,,,,,,
single-positive,128,42,1000,3,0,3,0,0,censored,timeout,0,16256,30d8c8d9b93faa94,128,1,1,constructed fixture v1,1,1,,,,,,,,,,2195456,1.982421,0.020538999999999998,2.002368624999999,,,,,,,,,,,,,,,,,,,,,,,,,,,,,,,,,,,,,
single-positive-first,64,42,1000,3,3,0,0,0,optimal,optimal,0,4032,ff977a9073258f0e,64,1,1,constructed fixture v1,1,1,0.221209,0.215708,0.230667,1,1,1,1,e66ff7378b36585b,4520.6117291791925,2015232,0.001075,0.001114,0.00763170800000168,0,3844,1,1,0,0,0,3908,1,,,,,,,,,,,,,,,,,,,,,,,,,,,,
single-positive-first,96,42,1000,3,3,0,0,0,optimal,optimal,0,9120,92c33146f5d18880,96,1,1,constructed fixture v1,1,1,0.553292,0.468084,0.556458,1,1,1,1,81e83b2d54a82444,1807.3639235701942,2048000,0.001359,0.000901,0.007481625000000491,0,8836,1,1,0,0,0,8932,1,,,,,,,,,,,,,,,,,,,,,,,,,,,,
single-positive-first,128,42,1000,3,3,0,0,0,optimal,optimal,0,16256,598b9d620553719c,128,1,1,constructed fixture v1,1,1,0.869334,0.859292,1.027875,1,1,1,1,73437ee223d2ce5e,1150.305866329857,2080768,0.001692,0.000669,0.00719750000000019,0,15876,1,1,0,0,0,16004,1,,,,,,,,,,,,,,,,,,,,,,,,,,,,
batch-scarce,29,42,1000,3,0,3,0,0,censored,timeout,0,4,74d737ec1ffc7171,2,29,29,constructed fixture v1,2,1,,,,,,,,,,2064384,1.9852319999999999,0.020066,2.006514792000001,,,,,,,,,,,,,,,,,,,,,,,,,,,,,,,,,,,,,
batch-infeasible,30,42,1000,3,0,3,0,0,censored,timeout,0,4,0abc54a7d7f5d12a,2,30,30,constructed fixture v1,2,1,,,,,,,,,,2080768,1.9874669999999999,0.019816999999999998,2.005422166999999,,,,,,,,,,,,,,,,,,,,,,,,,,,,,,,,,,,,,
batch-choices,9,42,1000,3,3,0,0,0,optimal,optimal,0,18,e6f9598ffbc879c6,2,8,8,constructed fixture v1,9,1,637.82425,637.224541,657.370375,8,8,8,0,fe652311556a7581,12.542640076792313,2064384,0.647301,0.008702,0.6657778750000034,48427561,0,72,72,0,43046721,0,80,1,,,,,,,,,,,,,,,,,,,,,,,,,,,,
batch-choices,10,42,1000,3,3,0,0,0,optimal,timeout,0,20,35be5f4e32f45525,2,8,8,constructed fixture v1,10,1,1559.586208,1556.356916,1568.394208,8,8,8,0,3e323537b25ef667,5.129565752097238,2064384,1.553536,0.014282,1.5718952080000008,,,,,,,,,,,,,,,,,,,,,,,,,,,,,,,,,,,,,
batch-choices,11,42,1000,3,0,3,0,0,censored,timeout,0,22,cd6a54e734509bb6,2,8,8,constructed fixture v1,11,1,,,,,,,,,,2048000,1.980351,0.031278,2.0048342910000017,,,,,,,,,,,,,,,,,,,,,,,,,,,,,,,,,,,,,
schedule-reverse-deadline,14,42,1000,3,3,0,0,0,optimal,optimal,14,2,1e83c3792ca18073,2,14,14,constructed fixture v1,1,1,994.860041,979.328708,1129.788625,14,14,14,91,495e0a151b867b9a,14.072331205430332,2179072,1.038157,0.038102,1.1404530419999972,33087206,0,105,105,124605801,1,91,210,1,,,,,,,,,,,,,,,,,,,,,,,,,,,,
schedule-reverse-deadline,15,42,1000,3,0,3,0,0,censored,timeout,15,2,1a71d2da1d63fd14,2,15,15,constructed fixture v1,1,1,,,,,,,,,,2129920,1.966969,0.034971999999999996,2.0052707079999976,,,,,,,,,,,,,,,,,,,,,,,,,,,,,,,,,,,,,
sim-history,100000,42,10000,3,3,0,0,0,simulated,simulated,,2,8c1e0fdd5da915b9,2,,,,1,1,94.495791,91.250333,95.772625,59920,,,,5d7479863aa983dc,,51707904,0.12606,0.007444,0.14049362499999063,0,0,59920,59920,0,0,0,119840,59920,64,100000,7,8,59920,59913,59913,59913,59913,59920,309586,0,59920,0,0,0,0,0,100000,0,5.9913,634102.3167899617,105824.81922395888,0.0,0.0,,,
window-contended-schedule,4,0,1000,3,3,0,0,0,optimal,optimal,12,2,60515e5a784e07aa,2,7,7,"seed=0; warmup=8; releases=[8,12); timetable=[8,19]; full generated cohort including rejections; isolated from carry-in and background",1,1,0.027416,0.026666,0.031708,7,,7,8,36a969387b3c0d65,255325.35745550043,2310144,0.001018,0.001199,0.007556457999996269,181,155,56,56,4,3,18,81,1,,,,,,,,,,,,,,,,,,,,,,,,,,8,True,7
window-contended-schedule,4,42,1000,3,3,0,0,0,optimal,optimal,12,2,6bd6abe3732d2ed9,2,11,11,"seed=42; warmup=8; releases=[8,12); timetable=[8,19]; full generated cohort including rejections; isolated from carry-in and background",1,1,3.703209,3.526333,3.730417,11,,11,20,77df4a6cad5c253c,2970.3967558946847,2473984,0.004659,0.0008839999999999999,0.007420583000012471,176782,148602,88,88,22739,3240,28,127,1,,,,,,,,,,,,,,,,,,,,,,,,,,20,True,11
window-contended-schedule,4,99,1000,3,3,0,0,0,optimal,optimal,12,2,12dfd45e120a79ee,2,11,11,"seed=99; warmup=8; releases=[8,12); timetable=[8,19]; full generated cohort including rejections; isolated from carry-in and background",1,1,0.870708,0.860833,0.899459,11,,11,18,9fdd432479e9a773,12633.397189413672,2441216,0.0016569999999999998,0.000775,0.00727625000000387,42729,36170,88,88,5424,540,26,125,1,,,,,,,,,,,,,,,,,,,,,,,,,,18,True,11
window-contended-schedule,5,0,1000,3,3,0,0,0,optimal,optimal,13,2,006d645fd76b0ff2,2,8,8,"seed=0; warmup=8; releases=[8,13); timetable=[8,20]; full generated cohort including rejections; isolated from carry-in and background",1,1,0.029875,0.029333,0.031583,8,,8,9,8aafc40bfa24ae7b,267782.4267782427,2310144,0.000887,0.000816,0.007640458000011563,205,176,64,64,4,3,26,98,1,,,,,,,,,,,,,,,,,,,,,,,,,,9,True,8
window-contended-schedule,5,42,1000,3,3,0,0,0,optimal,optimal,13,2,31eed88e9cbdd25b,2,14,14,"seed=42; warmup=8; releases=[8,13); timetable=[8,20]; full generated cohort including rejections; isolated from carry-in and background",1,1,192.57575,189.652042,198.491625,14,,14,28,a52592b3f69883f8,72.69866533039597,2473984,0.194462,0.003506,0.20525295799998844,9011839,7576647,112,112,1692098,97200,42,168,1,,,,,,,,,,,,,,,,,,,,,,,,,,28,True,14
window-contended-schedule,5,99,1000,3,3,0,0,0,optimal,optimal,13,2,1c7dfcf20499c4f6,2,14,14,"seed=99; warmup=8; releases=[8,13); timetable=[8,20]; full generated cohort including rejections; isolated from carry-in and background",1,1,45.063083,45.02025,45.315,14,,14,26,aa4054f90f11b6fe,310.67559225807963,2424832,0.045801999999999995,0.00122,0.05040412500000002,2153710,1817509,112,112,406299,16200,40,166,1,,,,,,,,,,,,,,,,,,,,,,,,,,26,True,14
window-contended-schedule,6,0,1000,3,3,0,0,0,optimal,optimal,14,2,d787a086f34cae42,2,12,12,"seed=0; warmup=8; releases=[8,14); timetable=[8,21]; full generated cohort including rejections; isolated from carry-in and background",1,1,0.105916,0.103333,0.128959,12,,12,15,f7e2e205c405a231,113297.32995959063,2392064,0.00101,0.000851,0.007415917000002992,3676,3175,96,96,189,18,38,146,1,,,,,,,,,,,,,,,,,,,,,,,,,,15,True,12
window-contended-schedule,6,42,1000,3,0,3,0,0,censored,timeout,14,2,1e9b5efce1e9d130,2,17,17,"seed=42; warmup=8; releases=[8,14); timetable=[8,21]; full generated cohort including rejections; isolated from carry-in and background",1,1,,,,,,,,,,2473984,1.970977,0.027715999999999998,2.0058054579999975,,,,,,,,,,,,,,,,,,,,,,,,,,,,,,,,,,,38,True,17
window-contended-schedule,6,99,1000,3,0,3,0,0,censored,timeout,14,2,512584ca0926cb42,2,18,18,"seed=99; warmup=8; releases=[8,14); timetable=[8,21]; full generated cohort including rejections; isolated from carry-in and background",1,1,,,,,,,,,,2457600,1.979851,0.025231,2.0056301669999925,,,,,,,,,,,,,,,,,,,,,,,,,,,,,,,,,,,40,True,18
window-contended-schedule,8,0,1000,3,3,0,0,0,optimal,optimal,16,2,61d0f6481c85d2c8,2,18,18,"seed=0; warmup=8; releases=[8,16); timetable=[8,23]; full generated cohort including rejections; isolated from carry-in and background",1,1,397.210833,396.519917,397.628542,18,,18,30,8d69e929c04eae02,45.31598462220188,2457600,0.393982,0.006509,0.4051078749999988,16853258,14389432,144,144,2727751,16200,71,233,1,,,,,,,,,,,,,,,,,,,,,,,,,,30,True,18
window-contended-schedule,8,42,1000,3,0,3,0,0,censored,timeout,16,2,aa499e3d8df74b29,2,24,24,"seed=42; warmup=8; releases=[8,16); timetable=[8,23]; full generated cohort including rejections; isolated from carry-in and background",1,1,,,,,,,,,,2555904,1.972414,0.031861,2.006579708000004,,,,,,,,,,,,,,,,,,,,,,,,,,,,,,,,,,,67,True,24
window-contended-schedule,8,99,1000,3,0,3,0,0,censored,timeout,16,2,e433a068d8eeaa7b,2,25,25,"seed=99; warmup=8; releases=[8,16); timetable=[8,23]; full generated cohort including rejections; isolated from carry-in and background",1,1,,,,,,,,,,2539520,1.975578,0.03676,2.005230124999997,,,,,,,,,,,,,,,,,,,,,,,,,,,,,,,,,,,74,True,25
