family,scale,seed,ticks,repeats,finished,timeouts,rss_limits,errors,status,counter_status,departure_slots,directed_rail_choices,input_digest,institutions,payments,principal_cents,provenance,rails,schema,solve_ms_median,solve_ms_min,solve_ms_max,fee_cents,known_optimum_fee,objective_hops,objective_minutes,result_digest,instructions_per_wall_second,peak_rss_bytes_max,cpu_user_seconds_max,cpu_system_seconds_max,process_seconds_max,assignment_states,bound_prunes,candidate_hops,candidates,capacity_rejects,complete_assignments,deadline_prunes,path_states,solver_calls,routing_truncated,routing_unresolved,reference_elapsed_upper_bound,reference_feasible,reference_fee_cents,active_limit,history_limit,active_end,active_peak,active_sum,completed,completed_elapsed_minutes,completed_on_time,completed_volume_cents,departed_hops,events,expired,generated,oldest_queued_age_peak,queue_p95,queue_peak,queue_sum,rejected,reservation_entries_end,retained_events,sla_failures,tick_ns_max,tick_ns_p95,completed_per_sim_minute,generated_per_wall_second,ticks_per_wall_second,queue_mean,sla_failure_fraction
schedule-ties,16,42,1000,3,3,0,0,0,optimal,optimal,2,4,061d6ca01ecdb633,2,16,16,constructed fixture v1,2,1,3.088625,2.725959,3.103417,16,16,16,0,690049661eed5431,5180.298676595573,2146304,0.004161,0.001653,0.199718458,131071,0,32,32,0,65536,0,48,1,,,,,,,,,,,,,,,,,,,,,,,,,,,,,,,,,
bounded-schedule-ties,16,42,1000,3,3,0,0,0,feasible,feasible,2,4,061d6ca01ecdb633,2,16,16,constructed fixture v1,2,1,0.068542,0.066292,0.126666,16,16,16,0,690049661eed5431,233433.51521694724,2179072,0.001481,0.0013599999999999999,0.00809858299999977,0,0,0,0,0,0,0,0,0,0,0,,,,,,,,,,,,,,,,,,,,,,,,,,,,,,,
schedule-latency-ties,16,42,1000,3,3,0,0,0,optimal,optimal,2,4,67f5760d930e0338,2,16,16,constructed fixture v1,2,1,0.048708,0.0415,0.051083,16,16,16,0,690049661eed5431,328488.13336618216,2146304,0.001241,0.001227,0.00785125000000031,33,16,32,32,0,1,0,48,1,,,,,,,,,,,,,,,,,,,,,,,,,,,,,,,,,
bounded-schedule-latency-ties,16,42,1000,3,3,0,0,0,feasible,feasible,2,4,67f5760d930e0338,2,16,16,constructed fixture v1,2,1,0.058833,0.053917,0.060625,16,16,16,0,690049661eed5431,271956.21504937706,2195456,0.0012619999999999999,0.001354,0.008265250000000002,0,0,0,0,0,0,0,0,0,0,0,,,,,,,,,,,,,,,,,,,,,,,,,,,,,,,
schedule-contention,8,42,1000,3,3,0,0,0,optimal,optimal,8,2,4c72264757d84082,2,8,8,constructed fixture v1,1,1,3.613208,3.540917,4.419083,8,8,8,28,609132083b07f365,2214.098939225198,2097152,0.005173,0.001331,0.007942292000000073,109601,0,64,64,444648,40320,0,72,1,,,,,,,,,,,,,,,,,,,,,,,,,,,,,,,,,
bounded-schedule-contention,8,42,1000,3,3,0,0,0,feasible,feasible,8,2,4c72264757d84082,2,8,8,constructed fixture v1,1,1,0.04,0.037834,0.044084,8,8,8,28,609132083b07f365,199999.99999999997,2146304,0.0009119999999999999,0.001153,0.007778791999999868,0,0,0,0,0,0,0,0,0,0,0,,,,,,,,,,,,,,,,,,,,,,,,,,,,,,,
schedule-reverse-deadline,12,42,1000,3,3,0,0,0,optimal,optimal,12,2,acdceeecf700360b,2,12,12,constructed fixture v1,1,1,29.378291,27.389334,31.44775,12,12,12,66,c5e5f7c4ae100ac7,408.46487632653646,2179072,0.030004,0.002124,0.03813675000000005,1151915,0,78,78,3714956,1,66,156,1,,,,,,,,,,,,,,,,,,,,,,,,,,,,,,,,,
bounded-schedule-reverse-deadline,12,42,1000,3,3,0,0,0,feasible,feasible,12,2,acdceeecf700360b,2,12,12,constructed fixture v1,1,1,0.042917,0.039667,0.045041,12,12,12,66,c5e5f7c4ae100ac7,279609.47876133,2195456,0.000891,0.001109,0.007535250000000104,0,0,0,0,0,0,0,0,0,0,6,,,,,,,,,,,,,,,,,,,,,,,,,,,,,,,
schedule-trap,2,42,1000,3,3,0,0,0,optimal,optimal,3,6,154d4918a429c962,2,2,2,constructed fixture v1,3,1,0.016291,0.015125,0.053,4,4,2,2,f62a1102d56f2a83,122767.17205819163,2015232,0.000839,0.0010429999999999999,0.007696833000000236,7,2,5,5,1,2,1,8,1,,,,,,,,,,,,,,,,,,,,,,,,,,,,,,,,,
bounded-schedule-trap,2,42,1000,3,3,0,0,0,feasible,feasible,3,6,154d4918a429c962,2,2,2,constructed fixture v1,3,1,0.024833,0.024667,0.0255,4,4,2,2,f62a1102d56f2a83,80537.99379857448,2080768,0.000821,0.000926,0.007586208999999844,0,0,0,0,0,0,0,0,0,0,0,,,,,,,,,,,,,,,,,,,,,,,,,,,,,,,
schedule-trap-blocked,2,42,1000,3,3,0,0,0,optimal,optimal,2,4,c52b6e8232b89c5b,2,2,2,constructed fixture v1,2,1,0.014334,0.014084,0.014709,4,4,2,2,0118bab4129c75d4,139528.39402818473,2015232,0.0008259999999999999,0.001034,0.0076329580000003006,4,0,3,3,1,1,1,6,1,,,,,,,,,,,,,,,,,,,,,,,,,,,,,,,,,
bounded-schedule-trap-blocked,2,42,1000,3,3,0,0,0,feasible,feasible,2,4,c52b6e8232b89c5b,2,2,2,constructed fixture v1,2,1,0.028666,0.027625,0.08225,4,4,2,2,0118bab4129c75d4,69769.06439684644,2080768,0.001046,0.001338,0.00795287499999997,0,0,0,0,0,0,0,0,0,0,1,,,,,,,,,,,,,,,,,,,,,,,,,,,,,,,
schedule-nonfifo,2,42,1000,3,3,0,0,0,optimal,optimal,3,4,f9c8d9754b060f91,3,1,1,constructed fixture v1,2,1,0.017625,0.014417,0.024292,4,4,2,4,e8e5d566f9caa9d9,56737.58865248228,1998848,0.0010509999999999999,0.001996,0.008879750000000186,2,0,2,1,0,1,1,4,1,,,,,,,,,,,,,,,,,,,,,,,,,,,,,,,,,
bounded-schedule-nonfifo,2,42,1000,3,3,0,0,0,feasible,feasible,3,4,f9c8d9754b060f91,3,1,1,constructed fixture v1,2,1,0.052125,0.024958,0.088416,4,4,2,4,e8e5d566f9caa9d9,19184.65227817746,2097152,0.001144,0.0020829999999999998,0.008477499999999694,0,0,0,0,0,0,0,0,0,0,0,,,,,,,,,,,,,,,,,,,,,,,,,,,,,,,
schedule-knapsack,8,42,1000,3,3,0,0,0,optimal,optimal,2,4,7ff022e29c2d7233,2,8,14,constructed fixture v1,2,1,0.03175,0.025542,0.049625,12,12,8,0,af03296dfc4d45a6,251968.5039370079,2080768,0.001194,0.0019069999999999998,0.007969000000000115,24,7,16,16,7,2,0,24,1,,,,,,,,,,,,,,,,,,,,,,,,,,,,,,,,,
bounded-schedule-knapsack,8,42,1000,3,3,0,0,0,feasible,feasible,2,4,7ff022e29c2d7233,2,8,14,constructed fixture v1,2,1,0.035625,0.035167,0.042708,12,12,8,0,af03296dfc4d45a6,224561.40350877194,2113536,0.000905,0.001065,0.007515665999999754,0,0,0,0,0,0,0,0,0,0,0,,,,,,,,,,,,,,,,,,,,,,,,,,,,,,,
schedule-multihop-slots,16,42,1000,3,3,0,0,0,optimal,optimal,48,6,193846b9e16e96f0,4,1,1,constructed fixture v1,3,1,0.482292,0.481583,0.930291,3,3,3,0,883b672fe09aa5d9,2073.4326922279447,3424256,0.001496,0.001109,0.007539167000000013,817,815,2448,816,0,1,0,969,1,,,,,,,,,,,,,,,,,,,,,,,,,,,,,,,,,
bounded-schedule-multihop-slots,16,42,1000,3,3,0,0,0,feasible,feasible,48,6,193846b9e16e96f0,4,1,1,constructed fixture v1,3,1,0.048625,0.041708,0.053792,3,3,3,0,883b672fe09aa5d9,20565.552699228792,2260992,0.000963,0.001243,0.007905374999999992,0,0,0,0,0,0,0,0,0,0,0,,,,,,,,,,,,,,,,,,,,,,,,,,,,,,,
schedule-dense,8,42,1000,3,3,0,0,0,optimal,optimal,1,56,d8764a1366f022bc,8,1,1,constructed fixture v1,1,1,0.013917,0.012584,0.015125,1,1,1,1,4c7dc0077516b93e,71854.56635769203,1982464,0.001071,0.0015199999999999999,0.007943500000000103,2,0,1,1,0,1,0,8,1,,,,,,,,,,,,,,,,,,,,,,,,,,,,,,,,,
bounded-schedule-dense,8,42,1000,3,3,0,0,0,feasible,feasible,1,56,d8764a1366f022bc,8,1,1,constructed fixture v1,1,1,0.037458,0.023125,0.03875,1,1,1,1,4c7dc0077516b93e,26696.566821506756,2097152,0.00101,0.001485,0.007642916,0,0,0,0,0,0,0,0,0,0,0,,,,,,,,,,,,,,,,,,,,,,,,,,,,,,,
schedule-demo,12,42,1000,3,3,0,0,0,optimal,optimal,4,60,a20d43575d3fd4ca,6,12,22500150,constructed fixture v1,4,1,0.339917,0.332,0.427291,60,60,12,17280,0e7740599d3d2725,35302.73566782479,2621440,0.001307,0.0012439999999999999,0.007640541999999861,504,491,1549,503,0,1,0,1446,1,,,,,,,,,,,,,,,,,,,,,,,,,,,,,,,,,
bounded-schedule-demo,12,42,1000,3,3,0,0,0,feasible,feasible,4,60,a20d43575d3fd4ca,6,12,22500150,constructed fixture v1,4,1,0.099792,0.097541,0.112416,60,60,12,17280,0e7740599d3d2725,120250.12025012024,2310144,0.000954,0.0009469999999999999,0.007550791000000334,0,0,0,0,0,0,0,0,0,0,0,,,,,,,,,,,,,,,,,,,,,,,,,,,,,,,
schedule-random,3,0,1000,3,3,0,0,0,optimal,optimal,15,12,2fca86b913e3d51a,4,3,5,constructed fixture v1,6,1,0.025625,0.025458,0.028916,11,,3,4,b577225f190604b8,117073.17073170732,2064384,0.0009689999999999999,0.0009639999999999999,0.007769667000000258,8,4,17,10,3,1,5,27,1,,,,,,,,,,,,,,,,,,,,,,,,,,,,,,,,,
bounded-schedule-random,3,0,1000,3,3,0,0,0,feasible,feasible,15,12,2fca86b913e3d51a,4,3,5,constructed fixture v1,6,1,0.044625,0.044208,0.048583,11,,3,4,b577225f190604b8,67226.89075630251,2129920,0.000935,0.0009599999999999999,0.007620791999999987,0,0,0,0,0,0,0,0,0,0,0,,,,,,,,,,,,,,,,,,,,,,,,,,,,,,,
schedule-random,3,1,1000,3,3,0,0,0,infeasible,infeasible,13,12,4b640036a0eac15d,4,3,4,constructed fixture v1,6,1,0.027375,0.024583,0.027958,,,,,669b18c6d2d9c95b,109589.04109589041,2031616,0.000931,0.0009609999999999999,0.007670374999999563,2,0,15,8,1,0,9,31,1,,,,,,,,,,,,,,,,,,,,,,,,,,,,,,,,,
bounded-schedule-random,3,1,1000,3,3,0,0,0,unresolved,unresolved,13,12,4b640036a0eac15d,4,3,4,constructed fixture v1,6,1,0.048208,0.048125,0.051084,,,,,669b18c6d2d9c95b,62230.33521407235,2097152,0.001021,0.000977,0.0076441249999996685,0,0,0,0,0,0,0,0,0,0,3,,,,,,,,,,,,,,,,,,,,,,,,,,,,,,,
schedule-random,3,2,1000,3,3,0,0,0,optimal,optimal,13,12,8abc424306d55f3a,4,3,4,constructed fixture v1,6,1,0.0305,0.028917,0.031417,29,,6,4,42446409bc6fb4b9,98360.65573770492,2048000,0.001036,0.001018,0.007734791999999935,8,4,15,7,0,1,9,27,1,,,,,,,,,,,,,,,,,,,,,,,,,,,,,,,,,
bounded-schedule-random,3,2,1000,3,3,0,0,0,feasible,feasible,13,12,8abc424306d55f3a,4,3,4,constructed fixture v1,6,1,0.059792,0.055958,0.063166,29,,6,4,42446409bc6fb4b9,50173.93631255018,2129920,0.001068,0.001005,0.007617707999999723,0,0,0,0,0,0,0,0,0,0,0,,,,,,,,,,,,,,,,,,,,,,,,,,,,,,,
schedule-random,3,3,1000,3,3,0,0,0,infeasible,infeasible,12,12,b157402771337d45,4,3,4,constructed fixture v1,6,1,0.025875,0.022208,0.026542,,,,,669b18c6d2d9c95b,115942.02898550725,2031616,0.001158,0.001983,0.008264582999999881,9,0,8,7,12,0,3,18,1,,,,,,,,,,,,,,,,,,,,,,,,,,,,,,,,,
bounded-schedule-random,3,3,1000,3,3,0,0,0,unresolved,unresolved,12,12,b157402771337d45,4,3,4,constructed fixture v1,6,1,0.037208,0.0365,0.037708,,,,,669b18c6d2d9c95b,80627.82197376908,2080768,0.001003,0.0010999999999999998,0.007715124999999823,0,0,0,0,0,0,0,0,0,0,2,,,,,,,,,,,,,,,,,,,,,,,,,,,,,,,
schedule-random,3,4,1000,3,3,0,0,0,infeasible,infeasible,13,12,1802102ad5eda64e,4,3,3,constructed fixture v1,6,1,0.022666,0.02175,0.022875,,,,,669b18c6d2d9c95b,132356.83402453014,2031616,0.001011,0.001236,0.007889374999999532,0,0,9,5,0,0,10,23,1,,,,,,,,,,,,,,,,,,,,,,,,,,,,,,,,,
bounded-schedule-random,3,4,1000,3,3,0,0,0,unresolved,unresolved,13,12,1802102ad5eda64e,4,3,3,constructed fixture v1,6,1,0.052,0.050667,0.053792,,,,,669b18c6d2d9c95b,57692.307692307695,2129920,0.001045,0.001465,0.008011666999999889,0,0,0,0,0,0,0,0,0,0,3,,,,,,,,,,,,,,,,,,,,,,,,,,,,,,,
schedule-random,3,5,1000,3,3,0,0,0,optimal,optimal,15,12,b5a249d77499a746,4,3,6,constructed fixture v1,6,1,0.019458,0.019125,0.020042,8,,4,5,06a603eaee6dd1d1,154178.23003391922,2048000,0.000832,0.001223,0.007704958999999789,5,1,6,4,0,1,4,14,1,,,,,,,,,,,,,,,,,,,,,,,,,,,,,,,,,
bounded-schedule-random,3,5,1000,3,3,0,0,0,feasible,feasible,15,12,b5a249d77499a746,4,3,6,constructed fixture v1,6,1,0.035459,0.035292,0.036959,8,,4,5,06a603eaee6dd1d1,84604.75478721903,2113536,0.000855,0.001215,0.00759683399999922,0,0,0,0,0,0,0,0,0,0,0,,,,,,,,,,,,,,,,,,,,,,,,,,,,,,,
schedule-random,3,6,1000,3,3,0,0,0,infeasible,infeasible,12,12,cdc19b7e8c346196,4,3,6,constructed fixture v1,6,1,0.012333,0.012333,0.012667,,,,,669b18c6d2d9c95b,243249.81756263683,1998848,0.000821,0.001027,0.007693707999999688,0,0,0,0,0,0,1,4,1,,,,,,,,,,,,,,,,,,,,,,,,,,,,,,,,,
bounded-schedule-random,3,6,1000,3,3,0,0,0,unresolved,unresolved,12,12,cdc19b7e8c346196,4,3,6,constructed fixture v1,6,1,0.030459,0.029375,0.032166,,,,,669b18c6d2d9c95b,98493.05623953512,2080768,0.000868,0.001076,0.007661999999999836,0,0,0,0,0,0,0,0,0,0,6,,,,,,,,,,,,,,,,,,,,,,,,,,,,,,,
schedule-random,3,7,1000,3,3,0,0,0,optimal,optimal,15,12,75e9ff76da26db05,4,3,3,constructed fixture v1,6,1,0.035,0.033458,0.069208,7,,3,3,1acb948bfe4934c9,85714.28571428571,2080768,0.000978,0.001369,0.007557708000000218,22,16,36,19,1,2,22,59,1,,,,,,,,,,,,,,,,,,,,,,,,,,,,,,,,,
bounded-schedule-random,3,7,1000,3,3,0,0,0,feasible,feasible,15,12,75e9ff76da26db05,4,3,3,constructed fixture v1,6,1,0.052167,0.036,0.093584,7,,3,3,1acb948bfe4934c9,57507.61975961815,2113536,0.0008979999999999999,0.0012159999999999999,0.007642082999999467,0,0,0,0,0,0,0,0,0,0,0,,,,,,,,,,,,,,,,,,,,,,,,,,,,,,,
schedule-random,3,8,1000,3,3,0,0,0,infeasible,infeasible,15,12,fbfb65d8356a9c05,4,3,5,constructed fixture v1,6,1,0.014458,0.013833,0.015834,,,,,669b18c6d2d9c95b,207497.57919490937,1998848,0.0008449999999999999,0.001133,0.00774262499999967,0,0,0,0,0,0,0,3,1,,,,,,,,,,,,,,,,,,,,,,,,,,,,,,,,,
bounded-schedule-random,3,8,1000,3,3,0,0,0,unresolved,unresolved,15,12,fbfb65d8356a9c05,4,3,5,constructed fixture v1,6,1,0.068292,0.058916,0.087083,,,,,669b18c6d2d9c95b,43929.01071867861,2179072,0.0009739999999999999,0.001743,0.008077208999999641,0,0,0,0,0,0,0,0,0,0,8,,,,,,,,,,,,,,,,,,,,,,,,,,,,,,,
schedule-random,3,9,1000,3,3,0,0,0,infeasible,infeasible,14,12,2598a722f030bfbe,4,3,6,constructed fixture v1,6,1,0.019042,0.013917,0.019625,,,,,669b18c6d2d9c95b,157546.4762104821,1998848,0.001072,0.0018889999999999998,0.008408375000000134,0,0,0,0,0,0,0,1,1,,,,,,,,,,,,,,,,,,,,,,,,,,,,,,,,,
bounded-schedule-random,3,9,1000,3,3,0,0,0,unresolved,unresolved,14,12,2598a722f030bfbe,4,3,6,constructed fixture v1,6,1,0.036583,0.028417,0.061625,,,,,669b18c6d2d9c95b,82005.30300959463,2080768,0.0010509999999999999,0.001558,0.008074417000000444,0,0,0,0,0,0,0,0,0,0,2,,,,,,,,,,,,,,,,,,,,,,,,,,,,,,,
schedule-random,3,10,1000,3,3,0,0,0,infeasible,infeasible,11,12,68f93512d1e3ee6c,4,3,4,constructed fixture v1,6,1,0.033625,0.017,0.057333,,,,,669b18c6d2d9c95b,89219.33085501858,1998848,0.001316,0.0019249999999999998,0.007671958999999617,0,0,1,1,0,0,0,9,1,,,,,,,,,,,,,,,,,,,,,,,,,,,,,,,,,
bounded-schedule-random,3,10,1000,3,3,0,0,0,unresolved,unresolved,11,12,68f93512d1e3ee6c,4,3,4,constructed fixture v1,6,1,0.103959,0.054042,0.151541,,,,,669b18c6d2d9c95b,28857.53037255072,2113536,0.001178,0.002173,0.008359082999999323,0,0,0,0,0,0,0,0,0,0,6,,,,,,,,,,,,,,,,,,,,,,,,,,,,,,,
schedule-random,3,11,1000,3,3,0,0,0,infeasible,infeasible,14,12,04462ecaac894065,4,3,6,constructed fixture v1,6,1,0.020333,0.015166,0.041709,,,,,669b18c6d2d9c95b,147543.4023508582,1998848,0.001171,0.002428,0.008444541999999444,0,0,0,0,0,0,0,1,1,,,,,,,,,,,,,,,,,,,,,,,,,,,,,,,,,
bounded-schedule-random,3,11,1000,3,3,0,0,0,unresolved,unresolved,14,12,04462ecaac894065,4,3,6,constructed fixture v1,6,1,0.040084,0.037541,0.040417,,,,,669b18c6d2d9c95b,74842.83005688054,2080768,0.001078,0.002276,0.008938791999999474,0,0,0,0,0,0,0,0,0,0,9,,,,,,,,,,,,,,,,,,,,,,,,,,,,,,,
schedule-random,3,12,1000,3,3,0,0,0,infeasible,infeasible,15,12,c344785ba125e56b,4,3,4,constructed fixture v1,6,1,0.030208,0.025667,0.153917,,,,,669b18c6d2d9c95b,99311.44067796611,2031616,0.001214,0.0021449999999999998,0.009403708000000677,0,0,10,6,0,0,10,28,1,,,,,,,,,,,,,,,,,,,,,,,,,,,,,,,,,
bounded-schedule-random,3,12,1000,3,3,0,0,0,unresolved,unresolved,15,12,c344785ba125e56b,4,3,4,constructed fixture v1,6,1,0.062667,0.041208,0.067,,,,,669b18c6d2d9c95b,47872.08578677773,2113536,0.001227,0.002079,0.008132415999999587,0,0,0,0,0,0,0,0,0,0,2,,,,,,,,,,,,,,,,,,,,,,,,,,,,,,,
schedule-random,3,13,1000,3,3,0,0,0,optimal,optimal,17,12,7910b0f157be9b7e,4,3,4,constructed fixture v1,6,1,0.035667,0.031333,0.125084,3,,3,4,d7c74a10a989f30c,84111.36344520145,2113536,0.001063,0.001522,0.008034459000000105,16,12,25,15,0,1,21,49,1,,,,,,,,,,,,,,,,,,,,,,,,,,,,,,,,,
bounded-schedule-random,3,13,1000,3,3,0,0,0,feasible,feasible,17,12,7910b0f157be9b7e,4,3,4,constructed fixture v1,6,1,0.052208,0.049792,0.056042,3,,3,4,d7c74a10a989f30c,57462.45786086423,2146304,0.0009689999999999999,0.001526,0.007901375000000321,0,0,0,0,0,0,0,0,0,0,0,,,,,,,,,,,,,,,,,,,,,,,,,,,,,,,
schedule-random,3,14,1000,3,3,0,0,0,infeasible,infeasible,16,12,74988fbb9df029de,4,3,5,constructed fixture v1,6,1,0.016625,0.013458,0.074042,,,,,669b18c6d2d9c95b,180451.12781954886,1998848,0.0012829999999999999,0.001431,0.007623749999999596,0,0,0,0,0,0,3,4,1,,,,,,,,,,,,,,,,,,,,,,,,,,,,,,,,,
bounded-schedule-random,3,14,1000,3,3,0,0,0,unresolved,unresolved,16,12,74988fbb9df029de,4,3,5,constructed fixture v1,6,1,0.042583,0.037042,0.063375,,,,,669b18c6d2d9c95b,70450.64932015123,2097152,0.001142,0.002003,0.008427666000000222,0,0,0,0,0,0,0,0,0,0,5,,,,,,,,,,,,,,,,,,,,,,,,,,,,,,,
schedule-random,3,15,1000,3,3,0,0,0,infeasible,infeasible,13,12,a5d02ac9dfd51604,4,3,6,constructed fixture v1,6,1,0.013667,0.013375,0.013792,,,,,669b18c6d2d9c95b,219506.84129655376,1998848,0.000997,0.001687,0.008636583000000364,0,0,0,0,0,0,0,1,1,,,,,,,,,,,,,,,,,,,,,,,,,,,,,,,,,
bounded-schedule-random,3,15,1000,3,3,0,0,0,unresolved,unresolved,13,12,a5d02ac9dfd51604,4,3,6,constructed fixture v1,6,1,0.029875,0.02775,0.03025,,,,,669b18c6d2d9c95b,100418.41004184101,2080768,0.001125,0.001759,0.008056334000000831,0,0,0,0,0,0,0,0,0,0,2,,,,,,,,,,,,,,,,,,,,,,,,,,,,,,,
schedule-random,3,16,1000,3,3,0,0,0,infeasible,infeasible,12,12,d41a685886bbe125,4,3,5,constructed fixture v1,6,1,0.01525,0.012667,0.017417,,,,,669b18c6d2d9c95b,196721.31147540984,1998848,0.0010429999999999999,0.001727,0.008404125000000207,0,0,0,0,0,0,0,1,1,,,,,,,,,,,,,,,,,,,,,,,,,,,,,,,,,
bounded-schedule-random,3,16,1000,3,3,0,0,0,unresolved,unresolved,12,12,d41a685886bbe125,4,3,5,constructed fixture v1,6,1,0.043583,0.035125,0.097875,,,,,669b18c6d2d9c95b,68834.17846408003,2097152,0.0011819999999999999,0.002584,0.0092360419999995,0,0,0,0,0,0,0,0,0,0,6,,,,,,,,,,,,,,,,,,,,,,,,,,,,,,,
schedule-random,3,17,1000,3,3,0,0,0,infeasible,infeasible,14,12,accb9a55142686ca,4,3,6,constructed fixture v1,6,1,0.019917,0.019542,0.0245,,,,,669b18c6d2d9c95b,150625.09414068385,2015232,0.0011849999999999999,0.002042,0.010090707999999893,5,0,4,4,2,0,2,9,1,,,,,,,,,,,,,,,,,,,,,,,,,,,,,,,,,
bounded-schedule-random,3,17,1000,3,3,0,0,0,unresolved,unresolved,14,12,accb9a55142686ca,4,3,6,constructed fixture v1,6,1,0.031708,0.030916,0.036417,,,,,669b18c6d2d9c95b,94613.34678945376,2080768,0.001107,0.001776,0.008354165999999275,0,0,0,0,0,0,0,0,0,0,3,,,,,,,,,,,,,,,,,,,,,,,,,,,,,,,
schedule-random,3,18,1000,3,3,0,0,0,infeasible,infeasible,13,12,69630a8f2e29f99c,4,3,5,constructed fixture v1,6,1,0.016,0.015125,0.017541,,,,,669b18c6d2d9c95b,187500.0,1998848,0.001263,0.002156,0.008747542000000053,0,0,0,0,0,0,1,3,1,,,,,,,,,,,,,,,,,,,,,,,,,,,,,,,,,
bounded-schedule-random,3,18,1000,3,3,0,0,0,unresolved,unresolved,13,12,69630a8f2e29f99c,4,3,5,constructed fixture v1,6,1,0.033083,0.032959,0.044459,,,,,669b18c6d2d9c95b,90681.0144182813,2080768,0.001222,0.001723,0.007974791000000536,0,0,0,0,0,0,0,0,0,0,4,,,,,,,,,,,,,,,,,,,,,,,,,,,,,,,
schedule-random,3,19,1000,3,3,0,0,0,optimal,optimal,18,12,c6c5932ab861afbc,4,3,3,constructed fixture v1,6,1,0.036084,0.033417,0.03725,4,,4,4,6cf386950d7fd58a,83139.34153641504,2080768,0.0011409999999999999,0.001563,0.008105040999999424,15,11,22,14,0,1,25,49,1,,,,,,,,,,,,,,,,,,,,,,,,,,,,,,,,,
bounded-schedule-random,3,19,1000,3,3,0,0,0,feasible,feasible,18,12,c6c5932ab861afbc,4,3,3,constructed fixture v1,6,1,0.044292,0.043,0.045416,4,,4,4,6cf386950d7fd58a,67732.32186399351,2146304,0.00115,0.001956,0.008151291999999977,0,0,0,0,0,0,0,0,0,0,0,,,,,,,,,,,,,,,,,,,,,,,,,,,,,,,
schedule-random,3,20,1000,3,3,0,0,0,infeasible,infeasible,13,12,2722325421078de1,4,3,5,constructed fixture v1,6,1,0.016125,0.015958,0.0175,,,,,669b18c6d2d9c95b,186046.511627907,1998848,0.001049,0.0013809999999999998,0.007849959000000517,0,0,1,1,0,0,10,16,1,,,,,,,,,,,,,,,,,,,,,,,,,,,,,,,,,
bounded-schedule-random,3,20,1000,3,3,0,0,0,unresolved,unresolved,13,12,2722325421078de1,4,3,5,constructed fixture v1,6,1,0.045625,0.032291,0.056792,,,,,669b18c6d2d9c95b,65753.42465753425,2097152,0.0011799999999999998,0.001934,0.00828412499999942,0,0,0,0,0,0,0,0,0,0,6,,,,,,,,,,,,,,,,,,,,,,,,,,,,,,,
schedule-random,3,21,1000,3,3,0,0,0,infeasible,infeasible,16,12,c504d51fcf6bdc7d,4,3,3,constructed fixture v1,6,1,0.021459,0.021083,0.028709,,,,,669b18c6d2d9c95b,139801.4818957081,2031616,0.001178,0.001825,0.00821229200000051,0,0,4,3,0,0,20,27,1,,,,,,,,,,,,,,,,,,,,,,,,,,,,,,,,,
bounded-schedule-random,3,21,1000,3,3,0,0,0,unresolved,unresolved,16,12,c504d51fcf6bdc7d,4,3,3,constructed fixture v1,6,1,0.031667,0.031542,0.037542,,,,,669b18c6d2d9c95b,94735.84488584331,2080768,0.000996,0.0019329999999999998,0.008577125000000407,0,0,0,0,0,0,0,0,0,0,3,,,,,,,,,,,,,,,,,,,,,,,,,,,,,,,
schedule-random,3,22,1000,3,3,0,0,0,infeasible,infeasible,14,12,3612655b12601303,4,3,5,constructed fixture v1,6,1,0.012792,0.012583,0.013875,,,,,669b18c6d2d9c95b,234521.57598499063,1998848,0.0009329999999999999,0.001317,0.008014833999999915,0,0,0,0,0,0,0,1,1,,,,,,,,,,,,,,,,,,,,,,,,,,,,,,,,,
bounded-schedule-random,3,22,1000,3,3,0,0,0,unresolved,unresolved,14,12,3612655b12601303,4,3,5,constructed fixture v1,6,1,0.046333,0.035583,0.053625,,,,,669b18c6d2d9c95b,64748.66725659897,2129920,0.001166,0.0017,0.007792750000000126,0,0,0,0,0,0,0,0,0,0,6,,,,,,,,,,,,,,,,,,,,,,,,,,,,,,,
schedule-random,3,23,1000,3,3,0,0,0,infeasible,infeasible,14,12,f11d1b2b18be34fe,4,3,5,constructed fixture v1,6,1,0.020292,0.019167,0.020375,,,,,669b18c6d2d9c95b,147841.5138971023,2031616,0.001103,0.0018529999999999998,0.008692875000000377,0,0,7,3,0,0,5,14,1,,,,,,,,,,,,,,,,,,,,,,,,,,,,,,,,,
bounded-schedule-random,3,23,1000,3,3,0,0,0,unresolved,unresolved,14,12,f11d1b2b18be34fe,4,3,5,constructed fixture v1,6,1,0.037125,0.0345,0.039875,,,,,669b18c6d2d9c95b,80808.0808080808,2080768,0.001088,0.0018419999999999999,0.007810625000000293,0,0,0,0,0,0,0,0,0,0,2,,,,,,,,,,,,,,,,,,,,,,,,,,,,,,,
schedule-random,3,24,1000,3,3,0,0,0,infeasible,infeasible,9,12,15dba070628e05d3,4,3,6,constructed fixture v1,6,1,0.015459,0.013667,0.019834,,,,,669b18c6d2d9c95b,194061.71162429653,1998848,0.000996,0.001759,0.008363790999999843,0,0,0,0,0,0,0,2,1,,,,,,,,,,,,,,,,,,,,,,,,,,,,,,,,,
bounded-schedule-random,3,24,1000,3,3,0,0,0,unresolved,unresolved,9,12,15dba070628e05d3,4,3,6,constructed fixture v1,6,1,0.030792,0.029459,0.03525,,,,,669b18c6d2d9c95b,97427.90335151988,2080768,0.001013,0.001586,0.008374708999999925,0,0,0,0,0,0,0,0,0,0,9,,,,,,,,,,,,,,,,,,,,,,,,,,,,,,,
schedule-random,3,25,1000,3,3,0,0,0,optimal,optimal,13,12,0f3104d27257cc71,4,3,3,constructed fixture v1,6,1,0.03,0.029667,0.039958,10,,3,3,a8293c2adb70db47,100000.00000000001,2064384,0.001156,0.0017389999999999999,0.008334458000000211,9,5,17,10,2,1,6,27,1,,,,,,,,,,,,,,,,,,,,,,,,,,,,,,,,,
bounded-schedule-random,3,25,1000,3,3,0,0,0,feasible,feasible,13,12,0f3104d27257cc71,4,3,3,constructed fixture v1,6,1,0.058917,0.04725,0.060833,10,,3,3,a8293c2adb70db47,50919.08956667855,2162688,0.00115,0.002013,0.009919250000000268,0,0,0,0,0,0,0,0,0,0,0,,,,,,,,,,,,,,,,,,,,,,,,,,,,,,,
schedule-random,3,26,1000,3,3,0,0,0,infeasible,infeasible,13,12,5ff78f4f847f1978,4,3,5,constructed fixture v1,6,1,0.017791,0.015417,0.018375,,,,,669b18c6d2d9c95b,168624.58546456075,1998848,0.001125,0.002371,0.011046000000000333,0,0,0,0,0,0,1,2,1,,,,,,,,,,,,,,,,,,,,,,,,,,,,,,,,,
bounded-schedule-random,3,26,1000,3,3,0,0,0,unresolved,unresolved,13,12,5ff78f4f847f1978,4,3,5,constructed fixture v1,6,1,0.037458,0.034541,0.040875,,,,,669b18c6d2d9c95b,80089.70046452027,2097152,0.001183,0.002173,0.008536291999999612,0,0,0,0,0,0,0,0,0,0,6,,,,,,,,,,,,,,,,,,,,,,,,,,,,,,,
schedule-random,3,27,1000,3,3,0,0,0,infeasible,infeasible,13,12,641739b44cf142c9,4,3,5,constructed fixture v1,6,1,0.013459,0.012917,0.016292,,,,,669b18c6d2d9c95b,222899.17527305149,1998848,0.001139,0.00171,0.008520250000000118,0,0,0,0,0,0,0,1,1,,,,,,,,,,,,,,,,,,,,,,,,,,,,,,,,,
bounded-schedule-random,3,27,1000,3,3,0,0,0,unresolved,unresolved,13,12,641739b44cf142c9,4,3,5,constructed fixture v1,6,1,0.049417,0.039958,0.058875,,,,,669b18c6d2d9c95b,60707.85357265718,2113536,0.001067,0.0022199999999999998,0.008618208999999766,0,0,0,0,0,0,0,0,0,0,6,,,,,,,,,,,,,,,,,,,,,,,,,,,,,,,
schedule-random,3,28,1000,3,3,0,0,0,infeasible,infeasible,16,12,ee001af71c5f49b4,4,3,4,constructed fixture v1,6,1,0.022333,0.020667,0.026459,,,,,669b18c6d2d9c95b,134330.36313974837,2031616,0.00113,0.002077,0.008874624999999803,0,0,6,4,0,0,10,24,1,,,,,,,,,,,,,,,,,,,,,,,,,,,,,,,,,
bounded-schedule-random,3,28,1000,3,3,0,0,0,unresolved,unresolved,16,12,ee001af71c5f49b4,4,3,4,constructed fixture v1,6,1,0.037375,0.034083,0.046333,,,,,669b18c6d2d9c95b,80267.5585284281,2097152,0.001179,0.001707,0.007870458000000191,0,0,0,0,0,0,0,0,0,0,4,,,,,,,,,,,,,,,,,,,,,,,,,,,,,,,
schedule-random,3,29,1000,3,3,0,0,0,optimal,optimal,16,12,4934778784c6e2a8,4,3,4,constructed fixture v1,6,1,0.024667,0.023667,0.054416,18,,5,6,29a272cde99e7597,121619.97810840393,2064384,0.001031,0.001704,0.008027582999999616,5,1,8,5,1,1,14,26,1,,,,,,,,,,,,,,,,,,,,,,,,,,,,,,,,,
bounded-schedule-random,3,29,1000,3,3,0,0,0,feasible,feasible,16,12,4934778784c6e2a8,4,3,4,constructed fixture v1,6,1,0.0425,0.041958,0.051833,18,,5,6,29a272cde99e7597,70588.23529411764,2129920,0.001135,0.001834,0.008505834000000156,0,0,0,0,0,0,0,0,0,0,1,,,,,,,,,,,,,,,,,,,,,,,,,,,,,,,
schedule-random,3,30,1000,3,3,0,0,0,infeasible,infeasible,12,12,4522ca06a78bceb8,4,3,5,constructed fixture v1,6,1,0.020958,0.015667,0.021209,,,,,669b18c6d2d9c95b,143143.429716576,2015232,0.000966,0.001415,0.0084037919999993,0,0,2,2,0,0,2,8,1,,,,,,,,,,,,,,,,,,,,,,,,,,,,,,,,,
bounded-schedule-random,3,30,1000,3,3,0,0,0,unresolved,unresolved,12,12,4522ca06a78bceb8,4,3,5,constructed fixture v1,6,1,0.035833,0.035375,0.05675,,,,,669b18c6d2d9c95b,83721.70903915387,2097152,0.001223,0.001892,0.008043542000000237,0,0,0,0,0,0,0,0,0,0,3,,,,,,,,,,,,,,,,,,,,,,,,,,,,,,,
schedule-random,3,31,1000,3,3,0,0,0,infeasible,infeasible,17,12,986a3535af5f81fb,4,3,6,constructed fixture v1,6,1,0.015208,0.014,0.017667,,,,,669b18c6d2d9c95b,197264.59758022096,2031616,0.001222,0.001916,0.008286417000000768,0,0,0,0,0,0,2,5,1,,,,,,,,,,,,,,,,,,,,,,,,,,,,,,,,,
bounded-schedule-random,3,31,1000,3,3,0,0,0,unresolved,unresolved,17,12,986a3535af5f81fb,4,3,6,constructed fixture v1,6,1,0.037959,0.034458,0.067792,,,,,669b18c6d2d9c95b,79032.64048051846,2097152,0.0012,0.00214,0.011157374999999803,0,0,0,0,0,0,0,0,0,0,2,,,,,,,,,,,,,,,,,,,,,,,,,,,,,,,
schedule-random,3,32,1000,3,3,0,0,0,infeasible,infeasible,17,12,dae9a33e8ba9aa9b,4,3,5,constructed fixture v1,6,1,0.026958,0.021916,0.067125,,,,,669b18c6d2d9c95b,111284.21989761852,2015232,0.0012469999999999998,0.00195,0.01419075000000003,0,0,9,4,0,0,8,20,1,,,,,,,,,,,,,,,,,,,,,,,,,,,,,,,,,
bounded-schedule-random,3,32,1000,3,3,0,0,0,unresolved,unresolved,17,12,dae9a33e8ba9aa9b,4,3,5,constructed fixture v1,6,1,0.040584,0.037334,0.080583,,,,,669b18c6d2d9c95b,73920.75694855115,2113536,0.001224,0.002212,0.008010666000000555,0,0,0,0,0,0,0,0,0,0,2,,,,,,,,,,,,,,,,,,,,,,,,,,,,,,,
schedule-random,3,33,1000,3,3,0,0,0,infeasible,infeasible,15,12,cc12cf9f58450959,4,3,5,constructed fixture v1,6,1,0.021291,0.021,0.033584,,,,,669b18c6d2d9c95b,140904.6075806679,2031616,0.001013,0.001437,0.008024833999999537,3,0,6,5,3,0,14,26,1,,,,,,,,,,,,,,,,,,,,,,,,,,,,,,,,,
bounded-schedule-random,3,33,1000,3,3,0,0,0,unresolved,unresolved,15,12,cc12cf9f58450959,4,3,5,constructed fixture v1,6,1,0.032292,0.031833,0.061209,,,,,669b18c6d2d9c95b,92902.26681531029,2097152,0.00121,0.00153,0.007998916999999217,0,0,0,0,0,0,0,0,0,0,2,,,,,,,,,,,,,,,,,,,,,,,,,,,,,,,
schedule-random,3,34,1000,3,3,0,0,0,infeasible,infeasible,14,12,15cceae3ed9957e5,4,3,5,constructed fixture v1,6,1,0.019375,0.01925,0.06575,,,,,669b18c6d2d9c95b,154838.70967741936,2031616,0.0009339999999999999,0.0014629999999999999,0.008063791999999737,0,0,9,7,0,0,2,20,1,,,,,,,,,,,,,,,,,,,,,,,,,,,,,,,,,
bounded-schedule-random,3,34,1000,3,3,0,0,0,unresolved,unresolved,14,12,15cceae3ed9957e5,4,3,5,constructed fixture v1,6,1,0.040666,0.039917,0.041,,,,,669b18c6d2d9c95b,73771.7011754291,2097152,0.000932,0.0012569999999999999,0.007869667000000469,0,0,0,0,0,0,0,0,0,0,3,,,,,,,,,,,,,,,,,,,,,,,,,,,,,,,
schedule-random,3,35,1000,3,3,0,0,0,optimal,optimal,17,12,ec0eacb39a5c12aa,4,3,5,constructed fixture v1,6,1,0.038542,0.034375,0.038958,18,,4,3,7ad5114a1e8d1603,77837.16465154897,2097152,0.000928,0.001254,0.007629957999999881,19,15,41,19,1,1,15,48,1,,,,,,,,,,,,,,,,,,,,,,,,,,,,,,,,,
bounded-schedule-random,3,35,1000,3,3,0,0,0,feasible,feasible,17,12,ec0eacb39a5c12aa,4,3,5,constructed fixture v1,6,1,0.045375,0.04525,0.045584,18,,4,3,7ad5114a1e8d1603,66115.70247933884,2162688,0.000905,0.0009939999999999999,0.007666291999999686,0,0,0,0,0,0,0,0,0,0,0,,,,,,,,,,,,,,,,,,,,,,,,,,,,,,,
schedule-random,3,36,1000,3,3,0,0,0,infeasible,infeasible,9,12,24ac7af6550cad39,4,3,4,constructed fixture v1,6,1,0.01425,0.014208,0.015,,,,,669b18c6d2d9c95b,210526.31578947368,1998848,0.0008749999999999999,0.001085,0.007550000000000168,0,0,1,1,0,0,4,9,1,,,,,,,,,,,,,,,,,,,,,,,,,,,,,,,,,
bounded-schedule-random,3,36,1000,3,3,0,0,0,unresolved,unresolved,9,12,24ac7af6550cad39,4,3,4,constructed fixture v1,6,1,0.032833,0.031375,0.033416,,,,,669b18c6d2d9c95b,91371.48600493405,2080768,0.000958,0.00125,0.008068249999999999,0,0,0,0,0,0,0,0,0,0,4,,,,,,,,,,,,,,,,,,,,,,,,,,,,,,,
schedule-random,3,37,1000,3,3,0,0,0,infeasible,infeasible,12,12,32b29fbcddd6818c,4,3,4,constructed fixture v1,6,1,0.022791,0.020583,0.023083,,,,,669b18c6d2d9c95b,131630.9069369488,2015232,0.001071,0.0023109999999999997,0.008118374999999567,0,0,5,4,0,0,3,13,1,,,,,,,,,,,,,,,,,,,,,,,,,,,,,,,,,
bounded-schedule-random,3,37,1000,3,3,0,0,0,unresolved,unresolved,12,12,32b29fbcddd6818c,4,3,4,constructed fixture v1,6,1,0.038,0.034208,0.048583,,,,,669b18c6d2d9c95b,78947.36842105263,2129920,0.001091,0.001758,0.007625333000000012,0,0,0,0,0,0,0,0,0,0,3,,,,,,,,,,,,,,,,,,,,,,,,,,,,,,,
schedule-random,3,38,1000,3,3,0,0,0,infeasible,infeasible,14,12,64bfc4baa8996c74,4,3,5,constructed fixture v1,6,1,0.026917,0.025625,0.041791,,,,,669b18c6d2d9c95b,111453.72812720586,2031616,0.001138,0.001811,0.008237958999999684,0,0,13,7,0,0,8,29,1,,,,,,,,,,,,,,,,,,,,,,,,,,,,,,,,,
bounded-schedule-random,3,38,1000,3,3,0,0,0,unresolved,unresolved,14,12,64bfc4baa8996c74,4,3,5,constructed fixture v1,6,1,0.036875,0.034875,0.038583,,,,,669b18c6d2d9c95b,81355.93220338984,2097152,0.000954,0.0012029999999999999,0.007719958000000027,0,0,0,0,0,0,0,0,0,0,3,,,,,,,,,,,,,,,,,,,,,,,,,,,,,,,
schedule-random,3,39,1000,3,3,0,0,0,infeasible,infeasible,17,12,4a7c565f9febf528,4,3,6,constructed fixture v1,6,1,0.013208,0.012666,0.014167,,,,,669b18c6d2d9c95b,227135.0696547547,1998848,0.000972,0.001545,0.008341082999999472,0,0,0,0,0,0,0,3,1,,,,,,,,,,,,,,,,,,,,,,,,,,,,,,,,,
bounded-schedule-random,3,39,1000,3,3,0,0,0,unresolved,unresolved,17,12,4a7c565f9febf528,4,3,6,constructed fixture v1,6,1,0.036708,0.0365,0.036916,,,,,669b18c6d2d9c95b,81726.05426610005,2097152,0.000998,0.001266,0.007749375000000391,0,0,0,0,0,0,0,0,0,0,9,,,,,,,,,,,,,,,,,,,,,,,,,,,,,,,
schedule-random,3,40,1000,3,3,0,0,0,optimal,optimal,10,12,de4ba30ab92afc34,4,3,5,constructed fixture v1,6,1,0.026291,0.023416,0.03275,11,,4,3,aa6661a9e49ff545,114107.48925487809,2064384,0.001197,0.001709,0.008323583999999329,9,5,16,8,0,1,8,26,1,,,,,,,,,,,,,,,,,,,,,,,,,,,,,,,,,
bounded-schedule-random,3,40,1000,3,3,0,0,0,feasible,feasible,10,12,de4ba30ab92afc34,4,3,5,constructed fixture v1,6,1,0.054292,0.05325,0.106459,11,,4,3,aa6661a9e49ff545,55256.759743608636,2195456,0.001132,0.0016049999999999999,0.007711207999999914,0,0,0,0,0,0,0,0,0,0,0,,,,,,,,,,,,,,,,,,,,,,,,,,,,,,,
schedule-random,3,41,1000,3,3,0,0,0,optimal,optimal,15,12,d4cddc1917c654f2,4,3,5,constructed fixture v1,6,1,0.03625,0.035917,0.038459,16,,5,3,92f3ea2f66d161e5,82758.62068965517,2097152,0.001064,0.001336,0.007722958999999641,37,30,47,21,3,2,5,54,1,,,,,,,,,,,,,,,,,,,,,,,,,,,,,,,,,
bounded-schedule-random,3,41,1000,3,3,0,0,0,feasible,feasible,15,12,d4cddc1917c654f2,4,3,5,constructed fixture v1,6,1,0.056875,0.054833,0.103791,16,,5,3,92f3ea2f66d161e5,52747.25274725274,2162688,0.001249,0.0017779999999999998,0.008411541999999272,0,0,0,0,0,0,0,0,0,0,0,,,,,,,,,,,,,,,,,,,,,,,,,,,,,,,
schedule-random,3,42,1000,3,3,0,0,0,optimal,optimal,15,12,3a88ec1a4aa2425f,4,3,4,constructed fixture v1,6,1,0.021584,0.021,0.021959,7,,3,3,3e65d5476ba163fa,138991.84581171238,2048000,0.000914,0.001197,0.008046416,6,2,5,5,0,1,5,24,1,,,,,,,,,,,,,,,,,,,,,,,,,,,,,,,,,
bounded-schedule-random,3,42,1000,3,3,0,0,0,feasible,feasible,15,12,3a88ec1a4aa2425f,4,3,4,constructed fixture v1,6,1,0.041667,0.040875,0.043792,7,,3,3,3e65d5476ba163fa,71999.42400460796,2129920,0.0008849999999999999,0.000905,0.007646083000000026,0,0,0,0,0,0,0,0,0,0,0,,,,,,,,,,,,,,,,,,,,,,,,,,,,,,,
schedule-random,3,43,1000,3,3,0,0,0,optimal,optimal,15,12,4ae24d8677819647,4,3,6,constructed fixture v1,6,1,0.028917,0.027292,0.029542,15,,4,5,69dcf1e68344ed68,103745.20178441747,2080768,0.000896,0.000962,0.007743582999999887,7,3,18,10,4,1,25,49,1,,,,,,,,,,,,,,,,,,,,,,,,,,,,,,,,,
bounded-schedule-random,3,43,1000,3,3,0,0,0,feasible,feasible,15,12,4ae24d8677819647,4,3,6,constructed fixture v1,6,1,0.042458,0.041792,0.044167,15,,4,5,69dcf1e68344ed68,70658.06208488387,2146304,0.0009199999999999999,0.0009739999999999999,0.007623957999999931,0,0,0,0,0,0,0,0,0,0,1,,,,,,,,,,,,,,,,,,,,,,,,,,,,,,,
schedule-random,3,44,1000,3,3,0,0,0,infeasible,infeasible,17,12,aa88444e6923a211,4,3,5,constructed fixture v1,6,1,0.029333,0.029041,0.029542,,,,,669b18c6d2d9c95b,102273.88947601676,2064384,0.000896,0.000982,0.007750042000000512,10,0,24,11,9,0,14,41,1,,,,,,,,,,,,,,,,,,,,,,,,,,,,,,,,,
bounded-schedule-random,3,44,1000,3,3,0,0,0,unresolved,unresolved,17,12,aa88444e6923a211,4,3,5,constructed fixture v1,6,1,0.050541,0.049416,0.050708,,,,,669b18c6d2d9c95b,59357.74915415207,2129920,0.000968,0.001179,0.007419667000000629,0,0,0,0,0,0,0,0,0,0,4,,,,,,,,,,,,,,,,,,,,,,,,,,,,,,,
schedule-random,3,45,1000,3,3,0,0,0,optimal,optimal,13,12,796f474564b7c596,4,3,4,constructed fixture v1,6,1,0.028333,0.026166,0.028667,20,,5,3,f329325184a650bb,105883.59863057212,2064384,0.0009339999999999999,0.001005,0.007285625000000628,8,4,14,7,0,1,17,43,1,,,,,,,,,,,,,,,,,,,,,,,,,,,,,,,,,
bounded-schedule-random,3,45,1000,3,3,0,0,0,feasible,feasible,13,12,796f474564b7c596,4,3,4,constructed fixture v1,6,1,0.046083,0.043708,0.08375,20,,5,3,f329325184a650bb,65099.92839007877,2129920,0.001039,0.0013579999999999998,0.007918415999999873,0,0,0,0,0,0,0,0,0,0,0,,,,,,,,,,,,,,,,,,,,,,,,,,,,,,,
schedule-random,3,46,1000,3,3,0,0,0,optimal,optimal,13,12,2665402be4634d1a,4,3,4,constructed fixture v1,6,1,0.029458,0.029375,0.030667,8,,4,6,29b8ce74cad2e3c9,101839.90766515037,2080768,0.0009549999999999999,0.0010999999999999998,0.007945499999999939,19,13,20,12,0,2,9,38,1,,,,,,,,,,,,,,,,,,,,,,,,,,,,,,,,,
bounded-schedule-random,3,46,1000,3,3,0,0,0,feasible,feasible,13,12,2665402be4634d1a,4,3,4,constructed fixture v1,6,1,0.045875,0.044084,0.049,8,,4,6,29b8ce74cad2e3c9,65395.09536784742,2129920,0.0009239999999999999,0.00104,0.007647500000000029,0,0,0,0,0,0,0,0,0,0,0,,,,,,,,,,,,,,,,,,,,,,,,,,,,,,,
schedule-random,3,47,1000,3,3,0,0,0,infeasible,infeasible,15,12,17c7be846bbf0519,4,3,4,constructed fixture v1,6,1,0.013583,0.013459,0.013792,,,,,669b18c6d2d9c95b,220864.31568872856,1998848,0.000883,0.000998,0.007737582999999937,0,0,0,0,0,0,3,7,1,,,,,,,,,,,,,,,,,,,,,,,,,,,,,,,,,
bounded-schedule-random,3,47,1000,3,3,0,0,0,unresolved,unresolved,15,12,17c7be846bbf0519,4,3,4,constructed fixture v1,6,1,0.045542,0.042625,0.048667,,,,,669b18c6d2d9c95b,65873.25984805234,2113536,0.000931,0.001049,0.006972666999999433,0,0,0,0,0,0,0,0,0,0,3,,,,,,,,,,,,,,,,,,,,,,,,,,,,,,,
window-contended-schedule,4,0,1000,3,3,0,0,0,optimal,optimal,12,2,60515e5a784e07aa,2,7,7,"seed=0; warmup=8; releases=[8,12); timetable=[8,19]; full generated cohort including rejections; isolated from carry-in and background",1,1,0.026625,0.025875,0.032875,7,,7,8,36a969387b3c0d65,262910.7981220657,2424832,0.001058,0.001165,0.0077008750000002735,181,155,56,56,4,3,18,81,1,,,8,True,7,,,,,,,,,,,,,,,,,,,,,,,,,,,,
bounded-window-contended-schedule,4,0,1000,3,3,0,0,0,feasible,feasible,12,2,60515e5a784e07aa,2,7,7,"seed=0; warmup=8; releases=[8,12); timetable=[8,19]; full generated cohort including rejections; isolated from carry-in and background",1,1,0.030458,0.029,0.030833,7,,7,8,36a969387b3c0d65,229824.67660384794,2424832,0.001035,0.000985,0.0076073330000001604,0,0,0,0,0,0,0,0,0,0,0,8,True,7,,,,,,,,,,,,,,,,,,,,,,,,,,,,
window-contended-schedule,4,42,1000,3,3,0,0,0,optimal,optimal,12,2,6bd6abe3732d2ed9,2,11,11,"seed=42; warmup=8; releases=[8,12); timetable=[8,19]; full generated cohort including rejections; isolated from carry-in and background",1,1,3.547625,3.545209,3.652958,11,,11,20,77df4a6cad5c253c,3100.665938479969,2523136,0.004589,0.001584,0.013221083000000355,176782,148602,88,88,22739,3240,28,127,1,,,20,True,11,,,,,,,,,,,,,,,,,,,,,,,,,,,,
bounded-window-contended-schedule,4,42,1000,3,3,0,0,0,feasible,feasible,12,2,6bd6abe3732d2ed9,2,11,11,"seed=42; warmup=8; releases=[8,12); timetable=[8,19]; full generated cohort including rejections; isolated from carry-in and background",1,1,0.040166,0.039166,0.04025,11,,11,20,77df4a6cad5c253c,273863.46661355376,2490368,0.00117,0.00141,0.007850540999999822,0,0,0,0,0,0,0,0,0,0,0,20,True,11,,,,,,,,,,,,,,,,,,,,,,,,,,,,
window-contended-schedule,4,99,1000,3,3,0,0,0,optimal,optimal,12,2,12dfd45e120a79ee,2,11,11,"seed=99; warmup=8; releases=[8,12); timetable=[8,19]; full generated cohort including rejections; isolated from carry-in and background",1,1,0.882584,0.877167,0.930875,11,,11,18,9fdd432479e9a773,12463.402916889496,2506752,0.001966,0.0014789999999999998,0.00820491699999959,42729,36170,88,88,5424,540,26,125,1,,,18,True,11,,,,,,,,,,,,,,,,,,,,,,,,,,,,
bounded-window-contended-schedule,4,99,1000,3,3,0,0,0,feasible,feasible,12,2,12dfd45e120a79ee,2,11,11,"seed=99; warmup=8; releases=[8,12); timetable=[8,19]; full generated cohort including rejections; isolated from carry-in and background",1,1,0.037791,0.037458,0.039625,11,,11,18,9fdd432479e9a773,291074.59448016726,2457600,0.0010999999999999998,0.001021,0.0076239590000000135,0,0,0,0,0,0,0,0,0,0,0,18,True,11,,,,,,,,,,,,,,,,,,,,,,,,,,,,
bounded-schedule-ties,128,42,1000,3,3,0,0,0,feasible,feasible,2,4,29681e2de3d0e1d7,2,128,128,constructed fixture v1,2,1,0.164708,0.161083,0.1655,128,128,128,0,4adcdaff0dfb9ccf,777132.8654345874,2686976,0.001273,0.001217,0.00725899999999946,0,0,0,0,0,0,0,0,0,0,0,,,,,,,,,,,,,,,,,,,,,,,,,,,,,,,
bounded-schedule-contention,128,42,1000,3,3,0,0,0,feasible,feasible,128,2,cebe05ff9d0af13f,2,128,128,constructed fixture v1,1,1,1.788917,1.776708,1.790583,128,128,128,8128,82eecdef89d071a6,71551.67064766001,2916352,0.002892,0.0012829999999999999,0.007995957999999526,0,0,0,0,0,0,0,0,0,0,0,,,,,,,,,,,,,,,,,,,,,,,,,,,,,,,
bounded-schedule-reverse-deadline,128,42,1000,3,3,0,0,0,feasible,feasible,128,2,c475011007df7357,2,128,128,constructed fixture v1,1,1,0.622416,0.602209,0.625459,128,128,128,8128,596a0cd98ba998a8,205650.24035371843,2899968,0.001762,0.0011309999999999998,0.007714125000000571,0,0,0,0,0,0,0,0,0,0,64,,,,,,,,,,,,,,,,,,,,,,,,,,,,,,,
bounded-schedule-dense,128,42,1000,3,3,0,0,0,feasible,feasible,1,16256,f658c28d08d3b626,128,1,1,constructed fixture v1,1,1,0.079458,0.070417,0.112792,1,1,1,1,e0f6c4abd6209805,12585.265171537165,2326528,0.001085,0.001401,0.0082139579999998,0,0,0,0,0,0,0,0,0,0,0,,,,,,,,,,,,,,,,,,,,,,,,,,,,,,,
bounded-schedule-multihop-slots,256,42,1000,3,3,0,0,0,feasible,feasible,768,6,91b84130596e0d3c,4,1,1,constructed fixture v1,3,1,0.788958,0.761833,0.85625,3,3,3,0,7cf088236923f309,1267.4945941355559,2867200,0.002572,0.001292,0.007607375000000083,0,0,0,0,0,0,0,0,0,0,0,,,,,,,,,,,,,,,,,,,,,,,,,,,,,,,
bounded-schedule-knapsack,128,42,1000,3,3,0,0,0,feasible,feasible,2,4,dc33c0d09288cde3,2,128,254,constructed fixture v1,2,1,0.190916,0.187333,0.202833,132,132,128,0,93b5fe6ebeaefb3d,670451.9265017075,2719744,0.001183,0.001046,0.007651958999999486,0,0,0,0,0,0,0,0,0,0,0,,,,,,,,,,,,,,,,,,,,,,,,,,,,,,,
sim-pinned,2,42,1000,3,3,0,0,0,simulated,simulated,,6,6cac184ac5262d11,3,,,,3,1,2.669833,2.145958,2.730208,2263,,,,9189ed61d924a637,,2539520,0.003352,0.001219,0.007661833999999423,0,383,1142,759,0,0,0,2660,759,0,0,,,,64,32,0,1,383,376,0,376,376,759,7178,383,759,0,0,0,0,0,0,32,383,63708,3708,0.376,284287.44419594784,374555.2624452541,0.0,0.5046113306982872
bounded-sim-pinned,2,42,1000,3,3,0,0,0,simulated,simulated,,6,0c1b87e79747343d,3,,,,3,1,1.876166,1.795875,2.033709,2667,,,,c0470637bc242263,,2621440,0.002858,0.001171,0.007675875000000332,0,0,0,0,0,0,0,0,0,0,0,,,,64,32,0,1,376,759,376,759,759,1135,7547,0,759,0,0,0,0,0,0,32,0,51583,2834,0.759,404548.4248195522,533001.8772326116,0.0,0.0
sim-load,13,42,1000,3,3,0,0,0,simulated,simulated,,2,3c6a37ee9fbfd289,2,,,,1,1,16.70375,16.196833,17.662042,9780,,,,52786668603d2837,,2768896,0.017544,0.001756,0.025882750000000065,0,0,9780,9780,0,0,0,22525,12745,0,0,,,,64,32,17,25,12745,9770,12723,9770,9770,9780,49887,0,9787,1,9,15,2965,0,0,32,0,83792,27334,9.77,585916.3361520617,59866.79637805882,2.965,0.0
bounded-sim-load,13,42,1000,3,3,0,0,0,simulated,simulated,,2,f2bdff794d17f885,2,,,,1,1,15.108458,15.088459,15.514416,9780,,,,cf0f916b021cd5bb,,3031040,0.015691999999999998,0.00226,0.02019470900000009,0,0,0,0,0,0,0,0,0,0,0,,,,64,32,17,25,12745,9770,12723,9770,9770,9780,49894,0,9787,1,9,15,2965,0,2,32,0,132209,18334,9.77,647782.8511685309,66188.09146505884,2.965,0.0
sim-load,16,42,1000,3,3,0,0,0,simulated,simulated,,2,7a89d8d2675a270e,2,,,,1,1,47.293041,47.23375,47.476166,10000,,,,4629f5eff64a0ae9,,2867200,0.046396,0.002894,0.05560062500000029,0,0,10000,10000,0,0,0,73266,63266,0,0,,,,64,32,64,64,63266,9990,63028,9990,9990,10000,54914,0,11994,5,54,54,53266,1940,0,32,1940,295125,56125,9.99,253610.25103037886,21144.75996584783,53.266,0.1617475404368851
bounded-sim-load,16,42,1000,3,3,0,0,0,simulated,simulated,,2,ad9373b14a9e009c,2,,,,1,1,27.556791,27.443291,30.625625,10000,,,,7e96d874ea97c67c,,3096576,0.029599999999999998,0.00198,0.03838375000000127,0,0,0,0,0,0,0,0,0,0,0,,,,64,32,64,64,63266,9990,63028,9990,9990,10000,54968,0,11994,5,54,54,53266,1940,7,32,1940,200167,49250,9.99,435246.6148906816,36288.69558868447,53.266,0.1617475404368851
sim-outage,8,42,1000,3,3,0,0,0,simulated,simulated,,2,b0c350e1388b9d26,2,,,,1,1,33.910209,33.527833,34.037083,1246,,,,e5a302af36acf9c5,,2768896,0.033708999999999996,0.0020959999999999998,0.0431250409999997,0,0,1246,1246,0,0,740,53969,51983,0,0,,,,64,32,46,56,47273,1246,9393,1246,1246,1246,21406,4710,6002,7,53,56,46027,0,0,32,4710,118166,40417,1.246,176996.84481449227,29489.644254330604,46.027,0.7847384205264911
bounded-sim-outage,8,42,1000,3,3,0,0,0,simulated,simulated,,2,c48d27920e2a37e4,2,,,,1,1,24.263542,22.14675,25.916167,1246,,,,145481941024382a,,3080192,0.024638,0.002201,0.032347708999999725,0,0,0,0,0,0,0,0,0,0,85846,,,,64,32,46,56,47273,1246,9393,1246,1246,1246,21416,4710,6002,7,53,56,46027,0,1,32,4710,167041,31083,1.246,247367.0167364682,41214.09809004802,46.027,0.7847384205264911
sim-backlog,256,42,1000,3,3,0,0,0,simulated,simulated,,2,a98d031615b48781,2,,,,1,1,155.570541,148.408542,156.960625,0,,,,c6dc8e54eed597ac,,3702784,0.149939,0.006415,0.1661002499999995,0,0,0,0,0,0,0,250815,250815,0,0,,,,256,32,256,256,250815,0,0,0,0,0,12748,0,6002,999,256,256,250815,5746,0,32,5746,461833,235250,0.0,38580.56905516579,6427.952191797032,250.815,0.9573475508163946
bounded-sim-backlog,256,42,1000,3,3,0,0,0,simulated,simulated,,2,81876d82bcef666f,2,,,,1,1,136.434042,133.799,138.460792,0,,,,d5ce31c0c1833ef2,,4079616,0.134729,0.004566,0.14681154200000002,0,0,0,0,0,0,0,0,0,0,752439,,,,256,32,256,256,250815,0,0,0,0,0,12748,0,6002,999,256,256,250815,5746,0,32,5746,500167,175500,0.0,43991.95326925812,7329.549028533509,250.815,0.9573475508163946
sim-density,9,42,1000,3,0,3,0,0,censored,timeout,,72,66136791fbac3451,9,,,,1,1,,,,,,,,,,2621440,1.9681089999999999,0.046453,2.0066041670000008,,,,,,,,,,,,,,,64,32,,,,,,,,,,,,,,,,,,,,,,,,,,
bounded-sim-density,9,42,1000,3,3,0,0,0,simulated,simulated,,72,532b474068883a7d,9,,,,1,1,5.713834,5.561916,6.231,0,,,,cbda7c836f138ba1,,2670592,0.006852,0.001598,0.014493625000000065,0,0,0,0,0,0,0,0,0,0,0,,,,64,32,0,0,0,759,0,759,759,759,4795,0,759,0,0,0,0,0,0,32,0,40875,8833,0.759,132835.50064632608,175013.83484364438,0.0,0.0
bounded-sim-density,32,42,1000,3,3,0,0,0,simulated,simulated,,992,d2d6ad681ff8ff2e,32,,,,1,1,67.173208,67.139458,67.61575,0,,,,e49c75d09a19f9a9,,2670592,0.066202,0.003408,0.07528458400000204,0,0,0,0,0,0,0,0,0,0,0,,,,64,32,0,0,0,759,0,759,759,759,4795,0,759,0,0,0,0,0,0,32,0,307250,98167,0.759,11299.147719727782,14886.887641275076,0.0,0.0
bounded-sim-density,128,42,1000,3,3,0,0,0,simulated,simulated,,16256,e2db9188a90ab89e,128,,,,1,1,1111.377417,1108.83325,1115.731708,0,,,,4873feebbbd5b47e,,2867200,1.086462,0.026261,1.1249037920000013,0,0,0,0,0,0,0,0,0,0,0,,,,64,32,0,0,0,759,0,759,759,759,4795,0,759,0,0,0,0,0,0,32,0,1854208,1584167,0.759,682.9363170333341,899.7843439174363,0.0,0.0
bounded-sim-density,256,42,1000,3,0,3,0,0,censored,timeout,,65280,4f2cd05ce8a0020e,256,,,,1,1,,,,,,,,,,2916352,1.944278,0.046958,2.0054636660000007,,,,,,,,,,,,,,,64,32,,,,,,,,,,,,,,,,,,,,,,,,,,
